<?xml version="1.0" encoding="UTF-8" standalone="yes"?>
<software-distribution project="MinGW" home="http://www.mingw.org" issue="2013101500">

  <!-- File: mingw32-gcc4.xml ~~ mingw-get package list for GCC version 4.x -->

  <package-collection subsystem="mingw32">
    <download-host uri="http://prdownloads.sourceforge.net/mingw/%F?download" />

    <package name="mingw32-gcc" alias="gcc gcc-core mingw32-gcc-core">
      <affiliate group="MinGW Compiler Suite" />
      <description lang="en" title="The GNU C Compiler">
        <paragraph>
          This package provides the MinGW implementation of the
          GNU C language compiler; this includes the C preprocessor,
          and the common back end processors which are necessary to
          support all other language compilers in the GNU Compiler
          Collection.
        </paragraph>
        <paragraph>
          This is a required component of the MinGW Compiler Suite.
        </paragraph>
      </description>

      <source tarname="gcc-%-mingw32-src.tar.lzma" />
      <licence tarname="gcc-%-mingw32-lic.tar.lzma" />

      <component class="lic">
        <release tarname="gcc-core-4.8.1-4-mingw32-lic.tar.lzma" />
        <release tarname="gcc-core-4.8.1-3-mingw32-lic.tar.lzma" />
        <release tarname="gcc-core-4.8.1-2-mingw32-lic.tar.lzma" />
        <release tarname="gcc-core-4.8.1-1-mingw32-lic.tar.lzma" />
        <release tarname="gcc-4.7.2-1-mingw32-lic.tar.lzma" />
        <release tarname="gcc-4.7.0-1-mingw32-lic.tar.lzma" />
        <release tarname="gcc-4.6.2-1-mingw32-lic.tar.lzma" />
        <release tarname="gcc-4.6.1-2-mingw32-lic.tar.lzma" />
        <release tarname="gcc-4.5.2-1-mingw32-lic.tar.lzma" />
      </component>

      <component class="bin">
        <release tarname="gcc-core-4.8.1-4-mingw32-bin.tar.lzma">
          <requires eq="gcc-core-4.8.1-4-mingw32-dev.tar.lzma" />
          <requires eq="binutils-*-mingw32-bin.tar.lzma" />
          <requires eq="mingwrt-4.*-mingw32-dev.tar.lzma" />
          <requires eq="w32api-4.*-mingw32-dev.tar.lzma" />
        </release>
        <release tarname="gcc-core-4.8.1-3-mingw32-bin.tar.lzma">
          <requires eq="gcc-core-4.8.1-3-mingw32-dev.tar.lzma" />
          <requires eq="binutils-*-mingw32-bin.tar.lzma" />
          <requires eq="mingwrt-4.*-mingw32-dev.tar.lzma" />
          <requires eq="w32api-4.*-mingw32-dev.tar.lzma" />
        </release>
        <release tarname="gcc-core-4.8.1-2-mingw32-bin.tar.lzma">
          <requires eq="gcc-core-%-mingw32-dev.tar.lzma" />
          <requires eq="binutils-*-mingw32-bin.tar.lzma" />
          <requires eq="mingwrt-4.*-mingw32-dev.tar.lzma" />
          <requires eq="w32api-4.*-mingw32-dev.tar.lzma" />
        </release>
        <release tarname="gcc-core-4.8.1-1-mingw32-bin.tar.lzma">
          <requires eq="gcc-core-%-mingw32-dev.tar.lzma" />
          <requires eq="binutils-*-mingw32-bin.tar.lzma" />
          <requires eq="mingwrt-4.*-mingw32-dev.tar.lzma" />
          <requires eq="w32api-4.*-mingw32-dev.tar.lzma" />
        </release>
        <release tarname="gcc-core-4.7.2-1-mingw32-bin.tar.lzma">
          <requires eq="libquadmath-%-mingw32-dll-0.tar" />
          <requires eq="libssp-%-mingw32-dll-0.tar" />
          <requires eq="libgomp-%-mingw32-dll-1.tar" />
          <requires eq="libgcc-%-mingw32-dll-1.tar" />
          <requires ge="mingwrt-3.20-2-mingw32-dev.tar" />
          <requires eq="libmpc-*-mingw32-dll-2.tar" />
          <requires eq="pthreads-w32-*-mingw32-dev.tar" />
          <requires eq="binutils-*-mingw32-bin.tar" />
          <requires eq="w32api-*-mingw32-dev.tar" />
        </release>
        <release tarname="gcc-core-4.7.0-1-mingw32-bin.tar.lzma">
          <requires eq="libquadmath-%-mingw32-dll-0.tar" />
          <requires ge="mingwrt-3.20-2-mingw32-dev.tar" />
          <requires eq="libssp-%-mingw32-dll-0.tar" />
          <requires eq="libgomp-%-mingw32-dll-1.tar" />
          <requires eq="libgcc-%-mingw32-dll-1.tar" />
          <requires eq="libmpc-*-mingw32-dll-2.tar" />
          <requires eq="pthreads-w32-*-mingw32-dev.tar" />
          <requires eq="binutils-*-mingw32-bin.tar" />
          <requires eq="w32api-*-mingw32-dev.tar" />
        </release>
        <release tarname="gcc-core-4.6.2-1-mingw32-bin.tar.lzma">
          <requires eq="libquadmath-%-mingw32-dll-0.tar" />
          <requires lt="mingwrt-3.20-2-mingw32-dev.tar" />
          <requires eq="libssp-%-mingw32-dll-0.tar" />
          <requires eq="libgomp-%-mingw32-dll-1.tar" />
          <requires eq="libgcc-%-mingw32-dll-1.tar" />
          <requires eq="libmpc-*-mingw32-dll-2.tar" />
          <requires eq="pthreads-w32-*-mingw32-dev.tar" />
          <requires eq="binutils-*-mingw32-bin.tar" />
          <requires eq="w32api-*-mingw32-dev.tar" />
        </release>
        <release tarname="gcc-core-4.6.1-2-mingw32-bin.tar.lzma">
          <requires eq="libquadmath-%-mingw32-dll-0.tar" />
          <requires lt="mingwrt-3.20-2-mingw32-dev.tar" />
          <requires eq="libssp-%-mingw32-dll-0.tar" />
          <requires eq="libgomp-%-mingw32-dll-1.tar" />
          <requires eq="libgcc-%-mingw32-dll-1.tar" />
          <requires eq="libmpc-*-mingw32-dll-2.tar" />
          <requires eq="pthreads-w32-*-mingw32-dev.tar" />
          <requires eq="binutils-*-mingw32-bin.tar" />
          <requires eq="w32api-*-mingw32-dev.tar" />
        </release>
        <release tarname="gcc-core-4.5.2-1-mingw32-bin.tar.lzma">
          <requires lt="mingwrt-3.20-2-mingw32-dev.tar" />
          <requires eq="libssp-%-mingw32-dll-0.tar" />
          <requires eq="libgomp-%-mingw32-dll-1.tar" />
          <requires eq="libgcc-%-mingw32-dll-1.tar" />
          <requires eq="libmpc-*-mingw32-dll-2.tar" />
          <requires eq="pthreads-w32-*-mingw32-dev.tar" />
          <requires eq="binutils-*-mingw32-bin.tar" />
          <requires eq="w32api-*-mingw32-dev.tar" />
        </release>
      </component>

      <component class="dev">
        <release tarname="gcc-core-4.8.1-4-mingw32-dev.tar.lzma">
          <requires eq="mingw32-libgcc-4.8.1-4-mingw32-dll-1.tar" />
          <requires eq="mingw32-libssp-4.8.1-4-mingw32-dll-0.tar" />
          <requires eq="mingw32-libgomp-4.8.1-4-mingw32-dll-1.tar" />
          <requires eq="mingw32-libquadmath-4.8.1-4-mingw32-dll-0.tar" />
        </release>
        <release tarname="gcc-core-4.8.1-3-mingw32-dev.tar.lzma">
          <requires eq="mingw32-libgcc-4.8.1-3-mingw32-dll-1.tar" />
          <requires eq="mingw32-libssp-4.8.1-3-mingw32-dll-0.tar" />
          <requires eq="mingw32-libgomp-4.8.1-3-mingw32-dll-1.tar" />
          <requires eq="mingw32-libquadmath-4.8.1-3-mingw32-dll-0.tar" />
        </release>
        <release tarname="gcc-core-4.8.1-2-mingw32-dev.tar.lzma">
          <requires eq="mingw32-libgcc-*-mingw32-dll-1.tar" />
        </release>
        <release tarname="gcc-core-4.8.1-1-mingw32-dev.tar.lzma">
          <requires eq="mingw32-libgcc-*-mingw32-dll-1.tar" />
        </release>
        <release tarname="gcc-core-4.7.2-1-mingw32-dev.tar">
          <download tarname="none" />
        </release>
      </component>

      <component class="doc">
        <release tarname="gcc-core-4.8.1-4-mingw32-doc.tar.lzma" />
        <release tarname="gcc-core-4.8.1-3-mingw32-doc.tar.lzma" />
        <release tarname="gcc-core-4.8.1-2-mingw32-doc.tar.lzma" />
        <release tarname="gcc-core-4.8.1-1-mingw32-doc.tar.lzma" />
        <release tarname="gcc-4.7.2-1-mingw32-doc.tar.lzma" />
        <release tarname="gcc-4.7.0-1-mingw32-doc.tar.lzma" />
        <release tarname="gcc-4.6.2-1-mingw32-doc.tar.lzma" />
        <release tarname="gcc-4.6.1-2-mingw32-doc.tar.lzma" />
        <release tarname="gcc-4.5.2-1-mingw32-doc.tar.lzma" />
      </component>

      <component class="man">
        <release tarname="gcc-core-4.8.1-4-mingw32-man.tar.lzma" />
        <release tarname="gcc-core-4.8.1-3-mingw32-man.tar.lzma" />
        <release tarname="gcc-core-4.8.1-2-mingw32-man.tar.lzma" />
        <release tarname="gcc-core-4.8.1-1-mingw32-man.tar.lzma" />
      </component>

      <component class="info">
        <release tarname="gcc-core-4.8.1-4-mingw32-info.tar.lzma" />
        <release tarname="gcc-core-4.8.1-3-mingw32-info.tar.lzma" />
        <release tarname="gcc-core-4.8.1-2-mingw32-info.tar.lzma" />
        <release tarname="gcc-core-4.8.1-1-mingw32-info.tar.lzma" />
      </component>

      <component class="lang">
        <release tarname="gcc-4.8.1-4-mingw32-lang.tar.lzma" />
        <release tarname="gcc-4.8.1-3-mingw32-lang.tar.lzma" />
        <release tarname="gcc-4.8.1-2-mingw32-lang.tar.lzma" />
        <release tarname="gcc-4.8.1-1-mingw32-lang.tar.lzma" />
        <release tarname="gcc-4.7.2-1-mingw32-lang.tar.lzma" />
        <release tarname="gcc-4.7.0-1-mingw32-lang.tar.lzma" />
        <release tarname="gcc-4.6.2-1-mingw32-lang.tar.lzma" />
        <release tarname="gcc-4.6.1-2-mingw32-lang.tar.lzma" />
        <release tarname="gcc-4.5.2-1-mingw32-lang.tar.lzma" />
      </component>
    </package>

    <package name="mingw32-libgcc" alias="libgcc">
      <affiliate group="MinGW Compiler Suite" />
      <description lang="en" title="The GNU C Compiler Shared Runtime Library">
        <paragraph>
          This package provides the MinGW implementation of the
          shared runtime library for the GNU C language compiler;
          you must install it if you wish to use this compiler with
          -shared-libgcc support enabled, or if you wish to use any
          other GCC language compiler, and you require safe handling
          of exceptions which may cross DLL boundaries.
        </paragraph>
        <paragraph>
          This is a freely redistributable library; it is required by,
          (and you must distribute it with), any application compiled
          by the GNU C++ language compiler, unless support for shared
          runtime libraries is explicitly disabled when building.
        </paragraph>
        <paragraph>NOTE: As of gcc-4.8.1 release this library is delivered in
        the -dll file of the gcc-core package.
        </paragraph>
      </description>

      <source tarname="gcc-%-mingw32-src.tar.lzma" />
      <licence tarname="gcc-%-mingw32-lic.tar.lzma" />

      <component class="dll">
        <release tarname="libgcc-4.8.1-4-mingw32-dll-1.tar">
          <download tarname="gcc-core-4.8.1-4-mingw32-dll.tar.lzma"/>
          <requires eq="mingw32-libmpc-*-mingw32-dll-3.tar" />
        </release>
        <release tarname="libgcc-4.8.1-3-mingw32-dll-1.tar">
          <download tarname="gcc-core-4.8.1-3-mingw32-dll.tar.lzma"/>
          <requires eq="mingw32-libmpc-*-mingw32-dll-3.tar" />
        </release>
        <release tarname="libgcc-4.8.1-2-mingw32-dll-1.tar">
          <download tarname="gcc-core-4.8.1-2-mingw32-dll.tar.lzma"/>
          <requires eq="mingw32-libmpc-*-mingw32-dll-2.tar" />
        </release>
        <release tarname="libgcc-4.8.1-1-mingw32-dll-1.tar">
          <download tarname="gcc-core-4.8.1-1-mingw32-dll.tar.lzma"/>
          <requires eq="mingw32-libmpc-*-mingw32-dll-2.tar" />
        </release>
        <release tarname="libgcc-4.5.2-1-mingw32-dll-1.tar.lzma" />
        <release tarname="libgcc-4.6.1-2-mingw32-dll-1.tar.lzma" />
        <release tarname="libgcc-4.6.2-1-mingw32-dll-1.tar.lzma" />
        <release tarname="libgcc-4.7.0-1-mingw32-dll-1.tar.lzma" />
        <release tarname="libgcc-4.7.2-1-mingw32-dll-1.tar.lzma" />
      </component>
    </package>

    <package name="mingw32-gcc-ada" alias="gcc-ada ada">
      <affiliate group="MinGW Compiler Suite" />
      <description lang="en" title="The GNU Ada Compiler">
        <paragraph>
          This package provides the MinGW implementation of the
          GNU Ada language compiler.
        </paragraph>
        <paragraph>
          This is an optional component of the MinGW Compiler Suite;
          you require it only if you wish to compile programs written
          in the Ada language.
        </paragraph>
      </description>

      <source tarname="gcc-%-mingw32-src.tar.lzma" />
      <licence tarname="gcc-%-mingw32-lic.tar.lzma" />

      <component class="bin">
        <affiliate group="Basic Setup" />
        <release tarname="gcc-ada-4.8.1-4-mingw32-bin.tar.lzma">
          <requires eq="gcc-ada-4.8.1-4-mingw32-dev.tar.lzma" />
          <requires eq="gcc-core-4.8.1-4-mingw32-dev.tar.lzma" />
          <requires eq="mingwrt-4.*-mingw32-dev.tar.lzma" />
          <requires eq="w32api-4.*-mingw32-dev.tar.lzma" />
          <requires eq="binutils-*-mingw32-bin.tar.lzma" />
        </release>
        <release tarname="gcc-ada-4.8.1-3-mingw32-bin.tar.lzma">
          <requires eq="gcc-ada-4.8.1-3-mingw32-dev.tar.lzma" />
          <requires eq="gcc-core-4.8.1-3-mingw32-dev.tar.lzma" />
          <requires eq="mingwrt-4.*-mingw32-dev.tar.lzma" />
          <requires eq="w32api-4.*-mingw32-dev.tar.lzma" />
          <requires eq="binutils-*-mingw32-bin.tar.lzma" />
        </release>
        <release tarname="gcc-ada-4.8.1-2-mingw32-bin.tar.lzma">
          <requires eq="gcc-ada-%-mingw32-dev.tar.lzma" />
          <requires eq="gcc-core-%-mingw32-dev.tar.lzma" />
          <requires eq="mingwrt-4.*-mingw32-dev.tar.lzma" />
          <requires eq="w32api-4.*-mingw32-dev.tar.lzma" />
          <requires eq="binutils-*-mingw32-bin.tar.lzma" />
        </release>
        <release tarname="gcc-ada-4.8.1-1-mingw32-bin.tar.lzma">
          <requires eq="gcc-ada-%-mingw32-dev.tar.lzma" />
          <requires eq="gcc-core-%-mingw32-dev.tar.lzma" />
          <requires eq="mingwrt-4.*-mingw32-dev.tar.lzma" />
          <requires eq="w32api-4.*-mingw32-dev.tar.lzma" />
          <requires eq="binutils-*-mingw32-bin.tar.lzma" />
        </release>
        <release tarname="gcc-ada-4.7.2-1-mingw32-bin.tar.lzma">
          <requires eq="libgnat-%-mingw32-dll-4_7.tar" />
          <requires eq="gcc-core-%-mingw32-bin.tar" />
        </release>
        <release tarname="gcc-ada-4.7.0-1-mingw32-bin.tar.lzma">
          <requires eq="libgnat-%-mingw32-dll-4_7.tar" />
          <requires eq="gcc-core-%-mingw32-bin.tar" />
        </release>
        <release tarname="gcc-ada-4.6.2-1-mingw32-bin.tar.lzma">
          <requires eq="libgnat-%-mingw32-dll-4_6.tar" />
          <requires eq="gcc-core-%-mingw32-bin.tar" />
        </release>
        <release tarname="gcc-ada-4.5.2-1-mingw32-bin.tar.lzma">
          <requires eq="libgnat-%-mingw32-dll-4_5.tar" />
          <requires eq="gcc-core-%-mingw32-bin.tar" />
        </release>
      </component>

      <component class="dev">
        <release tarname="gcc-ada-4.8.1-4-mingw32-dev.tar.lzma">
          <requires eq="mingw32-libgnat-4.8.1-4-mingw32-dll.tar" />
        </release>
        <release tarname="gcc-ada-4.8.1-3-mingw32-dev.tar.lzma">
          <requires eq="mingw32-libgnat-4.8.1-3-mingw32-dll.tar" />
        </release>
        <release tarname="gcc-ada-4.8.1-2-mingw32-dev.tar.lzma">
          <requires eq="mingw32-libgnat-%-mingw32-dll.tar" />
        </release>
        <release tarname="gcc-ada-4.8.1-1-mingw32-dev.tar.lzma">
          <requires eq="mingw32-libgnat-%-mingw32-dll.tar" />
        </release>
      </component>

      <component class="info">
        <release tarname="gcc-ada-4.8.1-4-mingw32-info.tar.lzma" />
        <release tarname="gcc-ada-4.8.1-3-mingw32-info.tar.lzma" />
        <release tarname="gcc-ada-4.8.1-2-mingw32-info.tar.lzma" />
        <release tarname="gcc-ada-4.8.1-1-mingw32-info.tar.lzma" />
      </component>
    </package>

    <package name="mingw32-libgnat" alias="libgnat">
      <affiliate group="MinGW Compiler Suite" />
      <description lang="en" title="The GNU Ada Compiler Runtime Library">
        <paragraph>
          This package provides the MinGW implementation of the
          shared runtime library for the GNU Ada language compiler;
          you must install it if you wish to use this compiler.
        </paragraph>
        <paragraph>
          This is a freely redistributable library; it is required by,
          (and you must distribute it with), any application compiled
          by the GNU Ada language compiler, unless support for shared
          runtime libraries is explicitly disabled when building.
        </paragraph>
        <paragraph>NOTE: As of gcc-4.8.1 release this library is delivered in
        the -dll file of the gcc-ada package.
        </paragraph>
      </description>

      <source tarname="gcc-%-mingw32-src.tar.lzma" />
      <licence tarname="gcc-%-mingw32-lic.tar.lzma" />

      <component class="dll">
        <release tarname="libgnat-4.5.2-1-mingw32-dll-4_5.tar.lzma" />
        <release tarname="libgnat-4.6.2-1-mingw32-dll-4_6.tar.lzma" />
        <release tarname="libgnat-4.7.0-1-mingw32-dll-4_7.tar.lzma" />
        <release tarname="libgnat-4.7.2-1-mingw32-dll-4_7.tar.lzma" />
        <release tarname="libgnat-4.8.1-4-mingw32-dll-4_8.tar" >
          <download tarname="gcc-ada-4.8.1-4-mingw32-dll.tar.lzma" />
        </release>
        <release tarname="libgnat-4.8.1-3-mingw32-dll-4_8.tar" >
          <download tarname="gcc-ada-4.8.1-3-mingw32-dll.tar.lzma" />
        </release>
        <release tarname="libgnat-4.8.1-2-mingw32-dll-4_8.tar" >
          <download tarname="gcc-ada-4.8.1-2-mingw32-dll.tar.lzma" />
        </release>
        <release tarname="libgnat-4.8.1-1-mingw32-dll-4_8.tar" >
          <download tarname="gcc-ada-4.8.1-1-mingw32-dll.tar.lzma" />
        </release>
      </component>
    </package>

    <package name="mingw32-gcc-g++" alias="gcc-g++ g++ gcc-c++ c++">
      <affiliate group="MinGW Compiler Suite" />
      <description lang="en" title="The GNU C++ Compiler">
        <paragraph>
          This package provides the MinGW implementation of the
          GNU C++ language compiler.
        </paragraph>
        <paragraph>
          This is an optional component of the MinGW Compiler Suite;
          you require it only if you wish to compile programs written
          in the C++ language.
        </paragraph>
      </description>

      <source tarname="gcc-%-mingw32-src.tar.lzma" />
      <licence tarname="gcc-%-mingw32-lic.tar.lzma" />

      <component class="bin">
        <affiliate group="Basic Setup" />
        <release tarname="gcc-c++-4.8.1-4-mingw32-bin.tar.lzma" >
          <requires eq="gcc-c++-4.8.1-4-mingw32-dev.tar.lzma" />
        </release>
        <release tarname="gcc-c++-4.8.1-3-mingw32-bin.tar.lzma" >
          <requires eq="gcc-c++-4.8.1-3-mingw32-dev.tar.lzma" />
        </release>
        <release tarname="gcc-c++-4.8.1-2-mingw32-bin.tar.lzma" >
          <requires eq="gcc-c++-4.8.1-2-mingw32-dev.tar.lzma" />
        </release>
        <release tarname="gcc-c++-4.8.1-1-mingw32-bin.tar.lzma" >
          <requires eq="gcc-c++-4.8.1-1-mingw32-dev.tar.lzma" />
        </release>
        <release tarname="gcc-c++-4.7.2-1-mingw32-bin.tar.lzma" >
          <requires eq="gcc-core-%-mingw32-bin.tar" />
          <requires eq="libstdc++-%-mingw32-dll-6.tar" />
        </release>
        <release tarname="gcc-c++-4.7.0-1-mingw32-bin.tar.lzma" >
          <requires eq="gcc-core-%-mingw32-bin.tar" />
          <requires eq="libstdc++-%-mingw32-dll-6.tar" />
        </release>
        <release tarname="gcc-c++-4.6.2-1-mingw32-bin.tar.lzma" >
          <requires eq="gcc-core-%-mingw32-bin.tar" />
          <requires eq="libstdc++-%-mingw32-dll-6.tar" />
        </release>
        <release tarname="gcc-c++-4.6.1-2-mingw32-bin.tar.lzma" >
          <requires eq="gcc-core-%-mingw32-bin.tar" />
          <requires eq="libstdc++-%-mingw32-dll-6.tar" />
        </release>
        <release tarname="gcc-c++-4.5.2-1-mingw32-bin.tar.lzma" >
          <requires eq="gcc-core-%-mingw32-bin.tar" />
          <requires eq="libstdc++-%-mingw32-dll-6.tar" />
        </release>
      </component>

      <component class="dev">
        <release tarname="gcc-c++-4.8.1-4-mingw32-dev.tar.lzma" >
          <requires eq="mingw32-libstdc++-4.8.1-4-mingw32-dll-6.tar" />
        </release>
        <release tarname="gcc-c++-4.8.1-3-mingw32-dev.tar.lzma" >
          <requires eq="mingw32-libstdc++-4.8.1-3-mingw32-dll-6.tar" />
        </release>
        <release tarname="gcc-c++-4.8.1-2-mingw32-dev.tar.lzma" >
          <requires eq="mingw32-libstdc++-4.8.1-2-mingw32-dll-6.tar" />
        </release>
        <release tarname="gcc-c++-4.8.1-1-mingw32-dev.tar.lzma" >
          <requires eq="mingw32-libstdc++-4.8.1-1-mingw32-dll-6.tar" />
        </release>
      </component>

      <component class="doc">
        <release tarname="gcc-c++-4.8.1-4-mingw32-doc.tar.lzma" />
        <release tarname="gcc-c++-4.8.1-3-mingw32-doc.tar.lzma" />
        <release tarname="gcc-c++-4.8.1-2-mingw32-doc.tar.lzma" />
        <release tarname="gcc-c++-4.8.1-1-mingw32-doc.tar.lzma" />
      </component>

      <component class="man">
        <release tarname="gcc-c++-4.8.1-4-mingw32-man.tar.lzma" />
        <release tarname="gcc-c++-4.8.1-3-mingw32-man.tar.lzma" />
        <release tarname="gcc-c++-4.8.1-2-mingw32-man.tar.lzma" />
        <release tarname="gcc-c++-4.8.1-1-mingw32-man.tar.lzma" />
      </component>
    </package>

    <package name="mingw32-libstdc++" alias="libstdc++">
      <affiliate group="MinGW Compiler Suite" />
      <description lang="en" title="The GNU C++ Compiler Runtime Library">
        <paragraph>
          This package provides the MinGW implementation of the
          shared runtime library for the GNU C++ language compiler;
          you must install it if you wish to use this compiler.
        </paragraph>
        <paragraph>
          This is a freely redistributable library; it is required by,
          (and you must distribute it with), any application compiled
          by the GNU C++ language compiler, unless support for shared
          runtime libraries is explicitly disabled when building.
        </paragraph>
        <paragraph>NOTE: As of gcc-4.8.1 release this library is delivered in
        the -dll file of the gcc-c++ package.
        </paragraph>
      </description>

      <source tarname="gcc-%-mingw32-src.tar.lzma" />
      <licence tarname="gcc-%-mingw32-lic.tar.lzma" />

      <component class="dll">
        <release tarname="libstdc++-4.8.1-4-mingw32-dll-6.tar" >
          <download tarname="gcc-c++-4.8.1-4-mingw32-dll.tar.lzma" />
        </release>
        <release tarname="libstdc++-4.8.1-3-mingw32-dll-6.tar" >
          <download tarname="gcc-c++-4.8.1-3-mingw32-dll.tar.lzma" />
        </release>
        <release tarname="libstdc++-4.8.1-2-mingw32-dll-6.tar" >
          <download tarname="gcc-c++-4.8.1-2-mingw32-dll.tar.lzma" />
        </release>
        <release tarname="libstdc++-4.8.1-1-mingw32-dll-6.tar" >
          <download tarname="gcc-c++-4.8.1-1-mingw32-dll.tar.lzma" />
        </release>
        <release tarname="libstdc++-4.5.2-1-mingw32-dll-6.tar.lzma" />
        <release tarname="libstdc++-4.6.1-2-mingw32-dll-6.tar.lzma" />
        <release tarname="libstdc++-4.6.2-1-mingw32-dll-6.tar.lzma" />
        <release tarname="libstdc++-4.7.0-1-mingw32-dll-6.tar.lzma" />
        <release tarname="libstdc++-4.7.2-1-mingw32-dll-6.tar.lzma" />
      </component>

    </package>

    <package name="mingw32-gcc-fortran" alias="gcc-fortran gfortran fortran">
      <affiliate group="MinGW Compiler Suite" />
      <description lang="en" title="The GNU FORTRAN Compiler">
        <paragraph>
          This package provides the MinGW implementation of the
          GNU FORTRAN language compiler.
        </paragraph>
        <paragraph>
          This is an optional component of the MinGW Compiler Suite;
          you require it only if you wish to compile programs written
          in the FORTRAN language.
        </paragraph>
      </description>

      <source tarname="gcc-%-mingw32-src.tar.lzma" />
      <licence tarname="gcc-%-mingw32-lic.tar.lzma" />

      <component class="bin">
        <affiliate group="Basic Setup" />
        <release tarname="gcc-fortran-4.8.1-4-mingw32-bin.tar.lzma">
          <requires eq="gcc-fortran-4.8.1-4-mingw32-dev.tar.lzma" />
        </release>
        <release tarname="gcc-fortran-4.8.1-3-mingw32-bin.tar.lzma">
          <requires eq="gcc-fortran-4.8.1-3-mingw32-dev.tar.lzma" />
        </release>
        <release tarname="gcc-fortran-4.8.1-2-mingw32-bin.tar.lzma">
          <requires eq="gcc-fortran-%-mingw32-dev.tar.lzma" />
        </release>
        <release tarname="gcc-fortran-4.8.1-1-mingw32-bin.tar.lzma">
          <requires eq="gcc-fortran-%-mingw32-dev.tar.lzma" />
        </release>
        <release tarname="gcc-fortran-4.7.2-1-mingw32-bin.tar.lzma" >
          <requires eq="gcc-core-%-mingw32-bin.tar" />
          <requires eq="libgfortran-%-mingw32-dll-3.tar" />
        </release>
        <release tarname="gcc-fortran-4.7.0-1-mingw32-bin.tar.lzma" >
          <requires eq="gcc-core-%-mingw32-bin.tar" />
          <requires eq="libgfortran-%-mingw32-dll-3.tar" />
        </release>
        <release tarname="gcc-fortran-4.6.2-1-mingw32-bin.tar.lzma" >
          <requires eq="gcc-core-%-mingw32-bin.tar" />
          <requires eq="libgfortran-%-mingw32-dll-3.tar" />
        </release>
        <release tarname="gcc-fortran-4.6.1-2-mingw32-bin.tar.lzma" >
          <requires eq="gcc-core-%-mingw32-bin.tar" />
          <requires eq="libgfortran-%-mingw32-dll-3.tar" />
        </release>
        <release tarname="gcc-fortran-4.5.2-1-mingw32-bin.tar.lzma" >
          <requires eq="gcc-core-%-mingw32-bin.tar" />
          <requires eq="libgfortran-%-mingw32-dll-3.tar" />
        </release>
      </component>

      <component class="dev">
        <release tarname="gcc-fortran-4.8.1-4-mingw32-dev.tar.lzma" >
          <requires eq="libgfortran-4.8.1-4-mingw32-dll-3.tar" />
        </release>
        <release tarname="gcc-fortran-4.8.1-3-mingw32-dev.tar.lzma" >
          <requires eq="libgfortran-4.8.1-3-mingw32-dll-3.tar" />
        </release>
        <release tarname="gcc-fortran-4.8.1-2-mingw32-dev.tar.lzma" >
          <requires eq="libgfortran-4.8.1-2-mingw32-dll-3.tar" />
        </release>
        <release tarname="gcc-fortran-4.8.1-1-mingw32-dev.tar.lzma" >
          <requires eq="libgfortran-4.8.1-1-mingw32-dll-3.tar" />
        </release>
      </component>

      <component class="doc">
        <release tarname="gcc-fortran-4.8.1-4-mingw32-doc.tar.lzma" />
        <release tarname="gcc-fortran-4.8.1-3-mingw32-doc.tar.lzma" />
        <release tarname="gcc-fortran-4.8.1-2-mingw32-doc.tar.lzma" />
        <release tarname="gcc-fortran-4.8.1-1-mingw32-doc.tar.lzma" />
      </component>

      <component class="info">
        <release tarname="gcc-fortran-4.8.1-4-mingw32-info.tar.lzma" />
        <release tarname="gcc-fortran-4.8.1-3-mingw32-info.tar.lzma" />
        <release tarname="gcc-fortran-4.8.1-2-mingw32-info.tar.lzma" />
        <release tarname="gcc-fortran-4.8.1-1-mingw32-info.tar.lzma" />
      </component>

      <component class="man">
        <release tarname="gcc-fortran-4.8.1-4-mingw32-man.tar.lzma" />
        <release tarname="gcc-fortran-4.8.1-3-mingw32-man.tar.lzma" />
        <release tarname="gcc-fortran-4.8.1-2-mingw32-man.tar.lzma" />
        <release tarname="gcc-fortran-4.8.1-1-mingw32-man.tar.lzma" />
      </component>
    </package>

    <package name="mingw32-libgfortran" alias="libgfortran">
      <affiliate group="MinGW Compiler Suite" />
      <description lang="en" title="The GNU FORTRAN Compiler Runtime Library">
        <paragraph>
          This package provides the MinGW implementation of the
          shared runtime library for the GNU FORTRAN language compiler;
          you must install it if you wish to use this compiler.
        </paragraph>
        <paragraph>
          This is a freely redistributable library; it is required by,
          (and you must distribute it with), any application compiled by
          the GNU FORTRAN language compiler, unless support for shared
          runtime libraries is explicitly disabled when building.
        </paragraph>
      </description>

      <source tarname="gcc-%-mingw32-src.tar.lzma" />
      <licence tarname="gcc-%-mingw32-lic.tar.lzma" />

      <component class="dll">
        <release tarname="libgfortran-4.5.2-1-mingw32-dll-3.tar.lzma" />
        <release tarname="libgfortran-4.6.1-2-mingw32-dll-3.tar.lzma" />
        <release tarname="libgfortran-4.6.2-1-mingw32-dll-3.tar.lzma" />
        <release tarname="libgfortran-4.7.0-1-mingw32-dll-3.tar.lzma" />
        <release tarname="libgfortran-4.7.2-1-mingw32-dll-3.tar.lzma" />
        <release tarname="libgfortran-4.8.1-4-mingw32-dll-3.tar" >
          <download tarname="gcc-fortran-4.8.1-4-mingw32-dll.tar.lzma" />
        </release>
        <release tarname="libgfortran-4.8.1-3-mingw32-dll-3.tar" >
          <download tarname="gcc-fortran-4.8.1-3-mingw32-dll.tar.lzma" />
        </release>
        <release tarname="libgfortran-4.8.1-2-mingw32-dll-3.tar" >
          <download tarname="gcc-fortran-4.8.1-2-mingw32-dll.tar.lzma" />
        </release>
        <release tarname="libgfortran-4.8.1-1-mingw32-dll-3.tar" >
          <download tarname="gcc-fortran-4.8.1-1-mingw32-dll.tar.lzma" />
        </release>
      </component>
    </package>

    <!-- FIXME: no java package available at present...
    <package name="mingw32-gcc-java" alias="gcc-java java">
      <affiliate group="MinGW Compiler Suite" />
      <description lang="en" title="The GNU Java Compiler">
        <paragraph>
          This package provides the MinGW implementation of the
          GNU Java language compiler.
        </paragraph>
        <paragraph>
          This is an optional component of the MinGW Compiler Suite;
          you require it only if you wish to compile programs written
          in the Java language.
        </paragraph>
      </description>

      <source tarname="gcc-%-mingw32-src.tar.lzma" />
      <licence tarname="gcc-%-mingw32-lic.tar.lzma" />

      <component class="bin">
        <requires eq="gcc-core-%-mingw32-bin.tar" />
        <release tarname="gcc-java-4.5.2-1-mingw32-bin.tar.lzma" />
      </component>
    </package> -->

    <package name="mingw32-gcc-objc" alias="gcc-objc objc">
      <affiliate group="MinGW Compiler Suite" />
      <description lang="en" title="The GNU Objective-C Compiler">
        <paragraph>
          This package provides the MinGW implementation of the
          GNU Objective-C language compiler.
        </paragraph>
        <paragraph>
          This is an optional component of the MinGW Compiler Suite;
          you require it only if you wish to compile programs written
          in the Objective-C language.
        </paragraph>
        <paragraph>NOTE: As of the gcc-4.8.1 release in order to install objc
        you need to install the gcc-objc-%-mingw32-dev package instead of the
        -bin package.  This change was made to be consistent with what -bin
        usually contains compared to -dev.
        </paragraph>
      </description>

      <source tarname="gcc-%-mingw32-src.tar.lzma" />
      <licence tarname="gcc-%-mingw32-lic.tar.lzma" />

      <component class="bin">
        <affiliate group="Basic Setup" />
        <release tarname="gcc-objc-4.7.2-1-mingw32-bin.tar.lzma">
          <requires eq="gcc-core-%-mingw32-bin.tar" />
          <requires eq="libobjc-%-mingw32-dll-4.tar" />
        </release>
        <release tarname="gcc-objc-4.7.0-1-mingw32-bin.tar.lzma">
          <requires eq="gcc-core-%-mingw32-bin.tar" />
          <requires eq="libobjc-%-mingw32-dll-4.tar" />
        </release>
        <release tarname="gcc-objc-4.6.2-1-mingw32-bin.tar.lzma">
          <requires eq="gcc-core-%-mingw32-bin.tar" />
          <requires eq="libobjc-%-mingw32-dll-3.tar" />
        </release>
        <release tarname="gcc-objc-4.6.1-2-mingw32-bin.tar.lzma">
          <requires eq="gcc-core-%-mingw32-bin.tar" />
          <requires eq="libobjc-%-mingw32-dll-3.tar" />
        </release>
        <release tarname="gcc-objc-4.5.2-1-mingw32-bin.tar.lzma">
          <requires eq="gcc-core-%-mingw32-bin.tar" />
          <requires eq="libobjc-%-mingw32-dll-2.tar" />
        </release>
        <release tarname="gcc-objc-4.8.1-4-mingw32-bin.tar" >
          <download tarname="none" />
          <requires eq="gcc-core-4.8.1-4-mingw32-bin.tar.lzma" />
          <requires eq="gcc-objc-4.8.1-4-mingw32-dev.tar.lzma" />
        </release>
        <release tarname="gcc-objc-4.8.1-3-mingw32-bin.tar" >
          <download tarname="none" />
          <requires eq="gcc-core-4.8.1-3-mingw32-bin.tar.lzma" />
          <requires eq="gcc-objc-4.8.1-3-mingw32-dev.tar.lzma" />
        </release>
        <release tarname="gcc-objc-4.8.1-2-mingw32-bin.tar" >
          <download tarname="none" />
          <requires eq="gcc-core-4.8.1-2-mingw32-bin.tar.lzma" />
          <requires eq="gcc-objc-4.8.1-2-mingw32-dev.tar.lzma" />
        </release>
        <release tarname="gcc-objc-4.8.1-1-mingw32-bin.tar" >
          <download tarname="none" />
          <requires eq="gcc-core-4.8.1-1-mingw32-bin.tar.lzma" />
          <requires eq="gcc-objc-4.8.1-1-mingw32-dev.tar.lzma" />
        </release>
      </component>

      <component class="dev">
        <release tarname="gcc-objc-4.8.1-4-mingw32-dev.tar.lzma">
          <requires eq="libobjc-4.8.1-4-mingw32-dll-4.tar" />
        </release>
        <release tarname="gcc-objc-4.8.1-3-mingw32-dev.tar.lzma">
          <requires eq="libobjc-4.8.1-3-mingw32-dll-4.tar" />
        </release>
        <release tarname="gcc-objc-4.8.1-2-mingw32-dev.tar.lzma">
          <requires eq="libobjc-%-mingw32-dll-4.tar" />
        </release>
        <release tarname="gcc-objc-4.8.1-1-mingw32-dev.tar.lzma">
          <requires eq="libobjc-%-mingw32-dll-4.tar" />
        </release>
      </component>
    </package>

    <package name="mingw32-libobjc" alias="libobjc">
      <affiliate group="MinGW Compiler Suite" />
      <description lang="en" title="The GNU Objective-C Compiler Runtime Library">
        <paragraph>
          This package provides the MinGW implementation of the shared
          runtime library for the GNU Objective-C language compiler; you
          must install it if you wish to use this compiler.
        </paragraph>
        <paragraph>
          This is a freely redistributable library; it is required by,
          (and you must distribute it with), any application compiled by
          the GNU Objective-C language compiler, unless support for shared
          runtime libraries is explicitly disabled when building.
        </paragraph>
        <paragraph>NOTE: As of gcc-4.8.2-1 release this library is delivered
        in the primary gcc-objc-%-mingw32-dll file.
        </paragraph>
      </description>

      <source tarname="gcc-%-mingw32-src.tar.lzma" />
      <licence tarname="gcc-%-mingw32-lic.tar.lzma" />

      <component class="dll">
        <release tarname="libobjc-4.5.2-1-mingw32-dll-2.tar.lzma" />
        <release tarname="libobjc-4.6.1-2-mingw32-dll-3.tar.lzma" />
        <release tarname="libobjc-4.6.2-1-mingw32-dll-3.tar.lzma" />
        <release tarname="libobjc-4.7.0-1-mingw32-dll-4.tar.lzma" />
        <release tarname="libobjc-4.7.2-1-mingw32-dll-4.tar.lzma" />
        <release tarname="libobjc-4.8.1-4-mingw32-dll-4.tar" >
          <download tarname="gcc-objc-4.8.1-4-mingw32-dll.tar.lzma"/>
        </release>
        <release tarname="libobjc-4.8.1-3-mingw32-dll-4.tar" >
          <download tarname="gcc-objc-4.8.1-3-mingw32-dll.tar.lzma"/>
        </release>
        <release tarname="libobjc-4.8.1-2-mingw32-dll-4.tar" >
          <download tarname="gcc-objc-4.8.1-2-mingw32-dll.tar.lzma"/>
        </release>
        <release tarname="libobjc-4.8.1-1-mingw32-dll-4.tar" >
          <download tarname="gcc-objc-4.8.1-1-mingw32-dll.tar.lzma"/>
        </release>
      </component>
    </package>

    <package name="mingw32-libgomp" alias="libgomp">
      <affiliate group="MinGW Compiler Suite" />

      <source tarname="gcc-%-mingw32-src.tar.lzma" />
      <licence tarname="gcc-%-mingw32-lic.tar.lzma" />

      <component class="dll">
        <requires eq="libpthread-*-mingw32-dll-2.tar" />
        <release tarname="libgomp-4.5.2-1-mingw32-dll-1.tar.lzma" />
        <release tarname="libgomp-4.6.1-2-mingw32-dll-1.tar.lzma" />
        <release tarname="libgomp-4.6.2-1-mingw32-dll-1.tar.lzma" />
        <release tarname="libgomp-4.7.0-1-mingw32-dll-1.tar.lzma" />
        <release tarname="libgomp-4.7.2-1-mingw32-dll-1.tar.lzma" />
        <release tarname="libgomp-4.8.1-4-mingw32-dll-1.tar" >
          <download tarname="none" />
          <requires eq="mingw32-libgcc-4.8.1-4-mingw32-dll-1.tar" />
        </release>
        <release tarname="libgomp-4.8.1-3-mingw32-dll-1.tar" >
          <download tarname="none" />
          <requires eq="mingw32-libgcc-4.8.1-3-mingw32-dll-1.tar" />
        </release>
        <release tarname="libgomp-4.8.1-2-mingw32-dll-1.tar" >
          <download tarname="none"/>
          <requires eq="mingw32-libgcc-4.8.1-2-mingw32-dll-1.tar" />
        </release>
        <release tarname="libgomp-4.8.1-1-mingw32-dll-1.tar" >
          <download tarname="none"/>
          <requires eq="mingw32-libgcc-4.8.1-1-mingw32-dll-1.tar" />
        </release>
      </component>
    </package>

    <package name="mingw32-libssp" alias="libssp">
      <affiliate group="MinGW Compiler Suite" />

      <source tarname="gcc-%-mingw32-src.tar.lzma" />
      <licence tarname="gcc-%-mingw32-lic.tar.lzma" />

      <component class="dll">
        <release tarname="libssp-4.5.2-1-mingw32-dll-0.tar.lzma" />
        <release tarname="libssp-4.6.1-2-mingw32-dll-0.tar.lzma" />
        <release tarname="libssp-4.6.2-1-mingw32-dll-0.tar.lzma" />
        <release tarname="libssp-4.7.0-1-mingw32-dll-0.tar.lzma" />
        <release tarname="libssp-4.7.2-1-mingw32-dll-0.tar.lzma" />
        <release tarname="libssp-4.8.1-4-mingw32-dll-0.tar" >
          <download tarname="none"/>
          <requires eq="mingw32-libgcc-4.8.1-4-mingw32-dll-1.tar" />
        </release>
        <release tarname="libssp-4.8.1-3-mingw32-dll-0.tar" >
          <download tarname="none"/>
          <requires eq="mingw32-libgcc-4.8.1-3-mingw32-dll-1.tar" />
        </release>
        <release tarname="libssp-4.8.1-2-mingw32-dll-0.tar" >
          <download tarname="none" />
          <requires eq="mingw32-libgcc-4.8.1-2-mingw32-dll-1.tar" />
        </release>
        <release tarname="libssp-4.8.1-1-mingw32-dll-0.tar" >
          <download tarname="none" />
          <requires eq="mingw32-libgcc-4.8.1-1-mingw32-dll-1.tar" />
        </release>
      </component>
    </package>

    <package name="mingw32-libquadmath" alias="libquadmath">
      <affiliate group="MinGW Compiler Suite" />

      <source tarname="gcc-%-mingw32-src.tar.lzma" />
      <licence tarname="gcc-%-mingw32-lic.tar.lzma" />

      <component class="dll">
        <release tarname="libquadmath-4.6.1-2-mingw32-dll-0.tar.lzma" />
        <release tarname="libquadmath-4.6.2-1-mingw32-dll-0.tar.lzma" />
        <release tarname="libquadmath-4.7.0-1-mingw32-dll-0.tar.lzma" />
        <release tarname="libquadmath-4.7.2-1-mingw32-dll-0.tar.lzma" />
        <release tarname="libquadmath-4.8.1-4-mingw32-dll-0.tar" >
          <download tarname="none"/>
          <requires eq="mingw32-libgcc-4.8.1-4-mingw32-dll-1.tar"/>
        </release>
        <release tarname="libquadmath-4.8.1-3-mingw32-dll-0.tar" >
          <download tarname="none"/>
          <requires eq="mingw32-libgcc-4.8.1-3-mingw32-dll-1.tar"/>
        </release>
        <release tarname="libquadmath-4.8.1-2-mingw32-dll-0.tar" >
          <download tarname="none"/>
          <requires eq="mingw32-libgcc-4.8.1-2-mingw32-dll-1.tar" />
        </release>
        <release tarname="libquadmath-4.8.1-1-mingw32-dll-0.tar" >
          <download tarname="none"/>
          <requires eq="mingw32-libgcc-4.8.1-1-mingw32-dll-1.tar" />
        </release>
      </component>
    </package>

  </package-collection>
</software-distribution>
<!-- vim: set nocompatible expandtab fileformat=unix textwidth=80 tabstop=2 shiftwidth=2: -->
