<?xml version="1.0" encoding="UTF-8" standalone="yes"?>
<software-distribution project="MinGW" home="http://mingw.org" issue="2014052000">

  <!-- File: mingw32-dos2unix.xml -->

  <package-collection subsystem="mingw32">
    <download-host uri="http://prdownloads.sourceforge.net/mingw/%F?download" />

    <package name="mingw32-dos2unix" alias="mingw32-cygutils-dos2unix cygutils-dos2unix dos2unix unix2dos">
      <description lang="en" title="Convert line breaks between Unix, Dos, and Mac">
        <paragraph> The dos2unix package provides manipulation utilities for
          converting the line break characters of text files between the unix
          convention (0x0a), the DOS/Windows convention (0x0d 0x0a), and the old
          (pre-OS-X) Mac convention (0x0d).
        </paragraph>
      </description>

      <licence tarname="dos2unix-%-mingw32-%-lic.tar.%" />
      <source tarname="dos2unix-%-mingw32-%-src.tar.%" />

      <component class="bin">
        <release tarname="dos2unix-6.0.5-1-mingw32-bin.tar.lzma" >
          <requires eq="mingw32-libiconv-*-mingw32-*-dll-2.tar" />
          <requires eq="mingw32-libintl-*-mingw32-*-dll-8.tar" />
        </release>
        <release tarname="dos2unix-6.0.4-1-mingw32-bin.tar.lzma" >
          <requires eq="mingw32-libiconv-*-mingw32-*-dll-2.tar" />
          <requires eq="mingw32-libintl-*-mingw32-*-dll-8.tar" />
        </release>
        <release tarname="dos2unix-6.0.3-1-mingw32-bin.tar.lzma" >
          <requires eq="mingw32-libiconv-*-mingw32-*-dll-2.tar" />
          <requires eq="mingw32-libintl-*-mingw32-*-dll-8.tar" />
        </release>
        <release tarname="dos2unix-6.0.2-1-mingw32-bin.tar.lzma" >
          <requires eq="mingw32-libiconv-*-mingw32-*-dll-2.tar" />
          <requires eq="mingw32-libintl-*-mingw32-*-dll-8.tar" />
        </release>
        <release tarname="dos2unix-6.0.1-1-mingw32-bin.tar.lzma" >
          <requires eq="mingw32-libiconv-*-mingw32-*-dll-2.tar" />
          <requires eq="mingw32-libintl-*-mingw32-*-dll-8.tar" />
        </release>
        <release tarname="dos2unix-6.0-1-mingw32-bin.tar.lzma" >
          <requires eq="mingw32-libiconv-*-mingw32-*-dll-2.tar" />
          <requires eq="mingw32-libintl-*-mingw32-*-dll-8.tar" />
        </release>
        <release tarname="dos2unix-5.3.3-1-mingw32-bin.tar.lzma" >
          <requires eq="mingw32-libiconv-*-mingw32-*-dll-2.tar" />
          <requires eq="mingw32-libintl-*-mingw32-*-dll-8.tar" />
        </release>
        <release tarname="cygutils-dos2unix-1.3.4-1-mingw32-bin.tar.lzma">
          <licence tarname="cygutils-%-mingw32-%-lic.tar.%" />
          <source tarname="cygutils-%-mingw32-%-src.tar.%" />
          <requires eq="mingw32-libpopt-*-mingw32-*-dll-0.tar" />
        </release>
      </component>

      <component class="doc">
        <release tarname="dos2unix-6.0.5-1-mingw32-doc.tar.lzma" />
        <release tarname="dos2unix-6.0.4-1-mingw32-doc.tar.lzma" />
        <release tarname="dos2unix-6.0.3-1-mingw32-doc.tar.lzma" />
        <release tarname="dos2unix-6.0.2-1-mingw32-doc.tar.lzma" />
        <release tarname="dos2unix-6.0.1-1-mingw32-doc.tar.lzma" />
        <release tarname="dos2unix-6.0-1-mingw32-doc.tar.lzma" />
        <release tarname="dos2unix-5.3.3-1-mingw32-doc.tar.lzma" />
        <release tarname="cygutils-1.3.4-1-mingw32-doc.tar.lzma">
          <licence tarname="cygutils-%-mingw32-%-lic.tar.%" />
          <source tarname="cygutils-%-mingw32-%-src.tar.%" />
        </release>
      </component>

      <component class="lic">
        <release tarname="dos2unix-6.0.5-1-mingw32-lic.tar.lzma" />
        <release tarname="dos2unix-6.0.4-1-mingw32-lic.tar.lzma" />
        <release tarname="dos2unix-6.0.3-1-mingw32-lic.tar.lzma" />
        <release tarname="dos2unix-6.0.2-1-mingw32-lic.tar.lzma" />
        <release tarname="dos2unix-6.0.1-1-mingw32-lic.tar.lzma" />
        <release tarname="dos2unix-6.0-1-mingw32-lic.tar.lzma" />
        <release tarname="dos2unix-5.3.3-1-mingw32-lic.tar.lzma" />
        <release tarname="cygutils-1.3.4-1-mingw32-lic.tar.lzma">
          <licence tarname="cygutils-%-mingw32-%-lic.tar.%" />
          <source tarname="cygutils-%-mingw32-%-src.tar.%" />
        </release>
      </component>
    </package>

  </package-collection>
</software-distribution>
<!-- vim: set nocompatible expandtab fileformat=unix textwidth=80 tabstop=2 shiftwidth=2: -->
