<?xml version="1.0" encoding="UTF-8" standalone="yes" ?>
<sysroot id="sysroot-0-002-a7c6-d7dbb5" path="%R">
    <installed tarname="mingw-get-0.6.2-mingw32-beta-20131004-1-bin.tar.xz" />
    <installed tarname="mingw-get-0.6.2-mingw32-beta-20131004-1-lic.tar.xz" />
    <installed tarname="libgmp-5.1.2-1-mingw32-dll-10.tar">
        <download tarname="gmp-5.1.2-1-mingw32-dll.tar.lzma" />
    </installed>
    <installed tarname="libmpfr-3.1.2-2-mingw32-dll-4.tar">
        <download tarname="mpfr-3.1.2-2-mingw32-dll.tar.lzma" />
        <requires eq="mingw32-libgmp-*-mingw32-dll-10.tar" />
    </installed>
    <installed tarname="libmpc-1.0.1-2-mingw32-dll-3.tar">
        <download tarname="mpc-1.0.1-2-mingw32-dll.tar.lzma" />
        <requires eq="mingw32-libmpfr-*-mingw32-dll-4.tar" />
        <requires eq="mingw32-libgmp-*-mingw32-dll-10.tar" />
    </installed>
    <installed tarname="libiconv-1.14-3-mingw32-dll-2.tar">
        <download tarname="libiconv-1.14-3-mingw32-dll.tar.lzma" />
        <requires eq="mingw32-libgcc-*-mingw32-dll-1.tar" />
    </installed>
    <installed tarname="libquadmath-4.8.1-4-mingw32-dll-0.tar">
        <download tarname="none" />
        <requires eq="mingw32-libgcc-4.8.1-4-mingw32-dll-1.tar" />
    </installed>
    <installed tarname="libgomp-4.8.1-4-mingw32-dll-1.tar">
        <download tarname="none" />
        <requires eq="libpthread-*-mingw32-dll-2.tar" />
        <requires eq="mingw32-libgcc-4.8.1-4-mingw32-dll-1.tar" />
    </installed>
    <installed tarname="libssp-4.8.1-4-mingw32-dll-0.tar">
        <download tarname="none" />
        <requires eq="mingw32-libgcc-4.8.1-4-mingw32-dll-1.tar" />
    </installed>
    <installed tarname="libpthread-2.9.1-1-mingw32-dll-2.tar">
        <download tarname="pthreads-w32-2.9.1-1-mingw32-dll.tar.lzma" />
    </installed>
    <installed tarname="libgcc-4.8.1-4-mingw32-dll-1.tar">
        <download tarname="gcc-core-4.8.1-4-mingw32-dll.tar.lzma" />
        <requires eq="mingw32-libmpc-*-mingw32-dll-3.tar" />
    </installed>
    <installed tarname="libintl-0.18.3.2-1-mingw32-dll-8.tar.xz">
        <requires eq="mingw32-libgcc-*-mingw32-*-dll-1.tar" />
        <requires ge="mingw32-libiconv-1.14-2-mingw32-*-dll-2.tar" />
    </installed>
    <installed tarname="mingwrt-4.0.3-1-mingw32-dll.tar.lzma" />
    <installed tarname="w32api-4.0.3-1-mingw32-dev.tar.lzma">
        <requires eq="mingwrt-4.0.3-1-mingw32-dev.tar.lzma" />
    </installed>
    <installed tarname="mingwrt-4.0.3-1-mingw32-dev.tar.lzma">
        <requires eq="mingwrt-%-mingw32-dll.tar.%" />
    </installed>
    <installed tarname="binutils-2.24-1-mingw32-bin.tar.xz">
        <requires eq="mingw32-libintl-*-mingw32-*-dll-8.tar" />
    </installed>
    <installed tarname="binutils-2.24-1-mingw32-dev.tar.xz" />
    <installed tarname="binutils-2.24-1-mingw32-man.tar.xz" />
    <installed tarname="binutils-2.24-1-mingw32-info.tar.xz" />
    <installed tarname="binutils-2.24-1-mingw32-doc.tar.xz">
        <download tarname="none" />
        <requires eq="binutils-%-mingw32-info.tar" />
        <requires eq="binutils-%-mingw32-man.tar" />
    </installed>
    <installed tarname="binutils-2.24-1-mingw32-lang.tar.xz" />
    <installed tarname="make-3.82.90-2-mingw32-cvs-20120902-bin.tar.lzma">
        <requires eq="mingw32-libintl-*-mingw32-*-dll-8.tar" />
    </installed>
    <installed tarname="make-3.82.90-2-mingw32-cvs-20120902-doc.tar.lzma" />
    <installed tarname="make-3.82.90-2-mingw32-cvs-20120902-lic.tar.lzma" />
    <installed tarname="make-3.82.90-2-mingw32-cvs-20120902-lang.tar.lzma" />
    <installed tarname="gcc-core-4.8.1-4-mingw32-lic.tar.lzma" />
    <installed tarname="gcc-core-4.8.1-4-mingw32-dev.tar.lzma">
        <requires eq="mingw32-libgcc-4.8.1-4-mingw32-dll-1.tar" />
        <requires eq="mingw32-libssp-4.8.1-4-mingw32-dll-0.tar" />
        <requires eq="mingw32-libgomp-4.8.1-4-mingw32-dll-1.tar" />
        <requires eq="mingw32-libquadmath-4.8.1-4-mingw32-dll-0.tar" />
    </installed>
    <installed tarname="gcc-core-4.8.1-4-mingw32-bin.tar.lzma">
        <requires eq="gcc-core-4.8.1-4-mingw32-dev.tar.lzma" />
        <requires eq="binutils-*-mingw32-bin.tar.lzma" />
        <requires eq="mingwrt-4.*-mingw32-dev.tar.lzma" />
        <requires eq="w32api-4.*-mingw32-dev.tar.lzma" />
    </installed>
    <installed tarname="gcc-core-4.8.1-4-mingw32-doc.tar.lzma" />
    <installed tarname="gcc-core-4.8.1-4-mingw32-man.tar.lzma" />
    <installed tarname="gcc-core-4.8.1-4-mingw32-info.tar.lzma" />
    <installed tarname="gcc-4.8.1-4-mingw32-lang.tar.lzma" />
    <installed tarname="libz-1.2.8-1-mingw32-dll-1.tar">
        <download tarname="zlib-1.2.8-1-mingw32-dll.tar.lzma" />
    </installed>
    <installed tarname="libz-1.2.8-1-mingw32-dev-1.tar">
        <download tarname="zlib-1.2.8-1-mingw32-dev.tar.lzma" />
        <requires eq="mingw32-libz-%-mingw32-dll-1.tar" />
    </installed>
</sysroot>
